{
    "mean": [
        -0.011113673448562622,
        -0.0013037226162850857,
        -0.16956722736358643,
        -0.024737117812037468,
        0.0033347560092806816,
        -0.48967209458351135,
        0.8839068412780762,
        -0.0019756543915718794,
        -0.002017607446759939,
        0.0019771673250943422,
        0.01296528335660696,
        -0.061638593673706055,
        0.03270171955227852
    ],
    "std": [
        0.3852238953113556,
        0.39826151728630066,
        0.6124412417411804,
        0.6673219799995422,
        0.7549198269844055,
        1.7003920078277588,
        1.0,
        1.0,
        1.0,
        1.0,
        5.3325629234313965,
        5.40460729598999,
        1.0414420366287231
    ],
    "norm_dims": [
        0,
        1,
        2,
        3,
        4,
        5,
        10,
        11,
        12
    ]
}