{
    "mean": [
        0.00678318552672863,
        0.019049353897571564,
        -0.22742535173892975,
        0.006451715249568224,
        0.01723354123532772,
        -0.6473048329353333,
        0.872134804725647,
        -0.0054084425792098045,
        0.0019300526473671198,
        0.002292814664542675,
        -0.016444433480501175,
        -0.16256076097488403,
        -0.0708572268486023
    ],
    "std": [
        0.4502633810043335,
        0.4973125755786896,
        0.6948265433311462,
        0.8414849638938904,
        0.9345882534980774,
        1.8917022943496704,
        1.0,
        1.0,
        1.0,
        1.0,
        4.9586873054504395,
        5.081965923309326,
        1.0295501947402954
    ],
    "norm_dims": [
        0,
        1,
        2,
        3,
        4,
        5,
        10,
        11,
        12
    ]
}