{
  "simulation_params": {
    "mass": 2.5,
    "inertia": [
      0.0023,
      0.0023,
      0.004
    ],
    "dt": 0.04,
    "gravity": 9.81,
    "arm_length": 0.25,
    "thrust_coefficient": 8.54858e-06,
    "torque_coefficient": 2.137e-07,
    "max_motor_speed": 10000.0
  },
  "steps": [
    {
      "step": 0,
      "state_before": {
        "position": [
          1.0,
          0.5,
          -0.5
        ],
        "velocity": [
          0.0,
          0.0,
          0.0
        ],
        "quaternion": [
          1.0,
          0.0,
          0.0,
          0.0
        ],
        "angular_velocity": [
          0.0,
          0.0,
          0.0
        ]
      },
      "normalized_state": [
        1.0,
        0.5,
        -0.5,
        0.0,
        0.0,
        0.0,
        1.0,
        0.0,
        0.0,
        0.0,
        0.0,
        0.0,
        0.0
      ],
      "action": [
        0.4,
        0.3504493236541748,
        -0.5813494920730591,
        0.0
      ],
      "forces_torques": {
        "thrust_magnitude": 34.335,
        "thrust_body": [
          0.0,
          0.0,
          34.335
        ],
        "thrust_world": [
          0.0,
          0.0,
          34.335
        ],
        "torques_body": [
          0.1752246618270874,
          -0.29067474603652954,
          0.0
        ],
        "rotation_matrix": [
          [
            1.0,
            0.0,
            0.0
          ],
          [
            0.0,
            1.0,
            0.0
          ],
          [
            0.0,
            0.0,
            1.0
          ]
        ]
      },
      "derivatives": {
        "acceleration": [
          0.0,
          0.0,
          3.9239999999999995
        ],
        "angular_acceleration": [
          76.18463557699452,
          -126.3803243637085,
          0.0
        ]
      },
      "state_after": {
        "position": [
          0.999815046787262,
          0.49988847970962524,
          -0.49686717987060547
        ],
        "velocity": [
          -0.01848600059747696,
          -0.011143737472593784,
          0.15600380301475525
        ],
        "quaternion": [
          0.9982589483261108,
          0.03045174479484558,
          -0.05051545426249504,
          -1.3877791375030848e-19
        ],
        "angular_velocity": [
          3.0473854541778564,
          -5.05521297454834,
          -2.3129645794903686e-17
        ]
      },
      "time": 0.04,
      "done": false
    },
    {
      "step": 1,
      "state_before": {
        "position": [
          0.999815046787262,
          0.49988847970962524,
          -0.49686717987060547
        ],
        "velocity": [
          -0.01848600059747696,
          -0.011143737472593784,
          0.15600380301475525
        ],
        "quaternion": [
          0.9982589483261108,
          0.03045174479484558,
          -0.05051545426249504,
          -1.3877791375030848e-19
        ],
        "angular_velocity": [
          3.0473854541778564,
          -5.05521297454834,
          -2.3129645794903686e-17
        ]
      },
      "normalized_state": [
        0.999815046787262,
        0.49988847970962524,
        -0.49686717987060547,
        -0.01848600059747696,
        -0.011143737472593784,
        0.15600380301475525,
        0.9982589483261108,
        0.03045174479484558,
        -0.05051545426249504,
        -1.3877791375030848e-19,
        3.0473854541778564,
        -5.05521297454834,
        -2.3129645794903686e-17
      ],
      "action": [
        0.8,
        0.009304249659180641,
        0.018650507926940896,
        0.0
      ],
      "forces_torques": {
        "thrust_magnitude": 44.145,
        "thrust_body": [
          0.0,
          0.0,
          44.145
        ],
        "thrust_world": [
          -4.452244317904115,
          -2.683903559446335,
          43.83782822012902
        ],
        "torques_body": [
          0.004652124829590321,
          0.009325253963470448,
          0.0
        ],
        "rotation_matrix": [
          [
            0.9948963522911072,
            -0.0030765675473958254,
            -0.10085500776767731
          ],
          [
            -0.0030765675473958254,
            0.9981454014778137,
            -0.06079745292663574
          ],
          [
            0.10085500776767731,
            0.06079745292663574,
            0.9930417537689209
          ]
        ]
      },
      "derivatives": {
        "acceleration": [
          -1.780897727161646,
          -1.073561423778534,
          7.725131288051607
        ],
        "angular_acceleration": [
          2.022662969387096,
          4.054458244987152,
          0.0
        ]
      },
      "state_after": {
        "position": [
          0.9967219233512878,
          0.49801549315452576,
          -0.48464149236679077
        ],
        "velocity": [
          -0.15890155732631683,
          -0.09662900120019913,
          0.44886720180511475
        ],
        "quaternion": [
          0.9845331311225891,
          0.09174862504005432,
          -0.14925380051136017,
          0.0001499540958320722
        ],
        "angular_velocity": [
          3.1282918453216553,
          -4.8930344581604,
          -3.469446951953614e-17
        ]
      },
      "time": 0.08,
      "done": false
    },
    {
      "step": 2,
      "state_before": {
        "position": [
          0.9967219233512878,
          0.49801549315452576,
          -0.48464149236679077
        ],
        "velocity": [
          -0.15890155732631683,
          -0.09662900120019913,
          0.44886720180511475
        ],
        "quaternion": [
          0.9845331311225891,
          0.09174862504005432,
          -0.14925380051136017,
          0.0001499540958320722
        ],
        "angular_velocity": [
          3.1282918453216553,
          -4.8930344581604,
          -3.469446951953614e-17
        ]
      },
      "normalized_state": [
        0.9967219233512878,
        0.49801549315452576,
        -0.48464149236679077,
        -0.15890155732631683,
        -0.09662900120019913,
        0.44886720180511475,
        0.9845331311225891,
        0.09174862504005432,
        -0.14925380051136017,
        0.0001499540958320722,
        3.1282918453216553,
        -4.8930344581604,
        -3.469446951953614e-17
      ],
      "action": [
        0.958977222442627,
        -0.2580486536026001,
        0.32802799344062805,
        0.0
      ],
      "forces_torques": {
        "thrust_magnitude": 48.04391638040543,
        "thrust_body": [
          0.0,
          0.0,
          48.04391638040543
        ],
        "thrust_world": [
          -14.118335053816839,
          -8.681722023594748,
          45.09454700320449
        ],
        "torques_body": [
          -0.12902432680130005,
          0.16401399672031403,
          0.0
        ],
        "rotation_matrix": [
          [
            0.9554465413093567,
            -0.02768293209373951,
            -0.29386311769485474
          ],
          [
            -0.02709239162504673,
            0.9831643104553223,
            -0.18070387840270996
          ],
          [
            0.2939181327819824,
            0.18061435222625732,
            0.9386109709739685
          ]
        ]
      },
      "derivatives": {
        "acceleration": [
          -5.647334021526736,
          -3.472688809437899,
          8.227818801281796
        ],
        "angular_acceleration": [
          -56.09753339186959,
          71.31043335665828,
          0.0
        ]
      },
      "state_after": {
        "position": [
          0.9850607514381409,
          0.49088841676712036,
          -0.4604983925819397
        ],
        "velocity": [
          -0.440299391746521,
          -0.2690149247646332,
          0.7496969103813171
        ],
        "quaternion": [
          0.9673613905906677,
          0.13094699382781982,
          -0.21694394946098328,
          -0.000357295386493206
        ],