{
  "observations": [
    [
      1.0,
      0.5,
      -0.5,
      0.0,
      0.0,
      0.0,
      1.0,
      0.0,
      0.0,
      0.0,
      0.0,
      0.0,
      0.0
    ],
    [
      0.9997518062591553,
      0.4998503625392914,
      -0.49311333894729614,
      -0.024805504828691483,
      -0.01495326403528452,
      0.34347760677337646,
      0.9982589483261108,
      0.03045174479484558,
      -0.05051545426249504,
      -1.3877791375030848e-19,
      3.0473854541778564,
      -5.05521297454834,
      -2.3129645794903686e-17
    ],
    [
      0.9962363839149475,
      0.49771299958229065,
      -0.4722959101200104,
      -0.1747160255908966,
      -0.10714039206504822,
      0.6907172203063965,
      0.9850137829780579,
      0.09164285659790039,
      -0.1461143046617508,
      0.0003008769126608968,
      3.11635684967041,
      -4.575005054473877,
      -3.469446951953614e-17
    ],
    [
      0.9840989708900452,
      0.49016350507736206,
      -0.4384766221046448,
      -0.44743719696998596,
      -0.2802707552909851,
      0.9919959902763367,
      0.9684792160987854,
      0.13332943618297577,
      -0.21040701866149902,
      0.0004295743128750473,
      1.1458553075790405,
      -2.006615161895752,
      -3.324886551998132e-17
    ],
    [
      0.9597427248954773,
      0.4748900234699249,
      -0.3935198485851288,
      -0.7751374244689941,
      -0.4853494465351105,
      1.2528947591781616,
      0.9624464511871338,
      0.1423686444759369,
      -0.2311444878578186,
      -0.0005044362042099237,
      -0.21042987704277039,
      -0.14178460836410522,
      -3.324886551998132e-17
    ],
    [
      0.9226307272911072,
      0.4517832398414612,
      -0.3394894003868103,
      -1.0789576768875122,
      -0.6672332286834717,
      1.4502339363098145,
      0.9660780429840088,
      0.12981587648391724,
      -0.2232384979724884,
      -0.002376288641244173,
      -1.0931365489959717,
      0.9593929052352905,
      -3.1803264829148947e-17
    ]
  ],
  "actions": [
    [
      0.8785949945449829,
      0.3504493236541748,
      -0.5813494920730591,
      0.0
    ],
    [
      0.9417697787284851,
      0.007931714877486229,
      0.05522393435239792,
      0.0
    ],
    [
      0.952293872833252,
      -0.22660768032073975,
      0.2953648269176483,
      0.0
    ],
    [
      0.934815526008606,
      -0.15597279369831085,
      0.2144555002450943,
      0.0
    ],
    [
      0.7531187534332275,
      -0.10151126235723495,
      0.12663541734218597,
      0.0
    ]
  ]
}